ID,NAME,NAME_DE,IMAGE,Aptitudes,Description,Descritpion_DE,Talents,AName,ADesc,ANameDe,ADescDe
ace,Ace,Elitepilot,ace.png,"Agility, Finesse, Perception, Tech, Willpower","An ace pilot is a master of aerial or void-based vehicles, excelling in combat maneuvers, precision flying, and handling extreme conditions. Their skill sets them apart, making them invaluable in dogfights, fleet operations, or high-stakes missions.","Ein Elitepilot ist ein Meister der Steuerung von Luft- oder Raumfahrzeugen und brilliert in Kampfmanövern, präzisem Fliegen und dem Umgang mit extremen Bedingungen. Seine Fähigkeiten heben ihn hervor und machen ihn in Luftkämpfen, Flottenoperationen oder risikoreichen Missionen unverzichtbar.",Hard Target or Hotshot Pilot,Right Stuff,"In addition to the normal uses of Fate points, an Ace character may spend a Fate point to automatically succeed at an Operate or Survival skill test involving vehicles or living steeds with a number of degrees of success equal to his Agility bonus.",Das Zeug dazu,"Zusätzlich zu den normalen Verwendungen von Schicksalspunkten kann ein Elitepilot einen Schicksalspunkt ausgeben, um automatisch eine Fertigkeitsprobe in Bedienen oder Überleben zu bestehen, wenn diese Fahrzeuge oder lebende Reittiere betrifft, mit einer Anzahl von Erfolgsgraden, die seinem Beweglichkeitsbonus entspricht."
agent,Agent,Agent,agent.png,"Intelligence, Agility, Fellowship, Perception, Tech","An agent is a skilled operative working covertly or overtly to accomplish specific missions or enforce the will of their superiors. They are masters of adaptability, capable of acting as spies, negotiators, enforcers, or saboteurs, depending on the needs of their organization.","Ein Agent ist ein geschickter Operateur, der verdeckt oder offen arbeitet, um bestimmte Missionen zu erfüllen oder den Willen seiner Vorgesetzten durchzusetzen. Sie sind Meister der Anpassungsfähigkeit und können je nach den Bedürfnissen ihrer Organisation als Spione, Unterhändler, Vollstrecker oder Saboteure agieren.",Keen Intuition or Disarm,All the right questions,"When making an Awareness, Inquiry, or Scrutiny skill test, an Agent character adds an extra number of Degrees of Success to a successful test, equal to half his Perception Bonus.",Die richtigen Fragen,"Bei einer Fertigkeitsprobe in Wahrnehmung, Nachforschung oder Beobachten fügt ein Agent einem erfolgreichen Test eine zusätzliche Anzahl von Erfolgsgraden hinzu, die der Hälfte seines Wahrnehmungsbonus entspricht."
artisan,Artisan,Handwerksmeister,artisan.png,"Agility, Perception, Fieldcraft, Tech, Intelligence","An artisan is a master craftsman and creator, skilled in producing exceptional works of art, intricate designs, or advanced technology. Whether working with their hands, tools, or machinery, artisans combine creativity with precision, often leaving a lasting mark through their unique and valuable creations.","Ein Handwerksmeister ist ein meisterhafter Künstler und Schöpfer, der außergewöhnliche Kunstwerke, komplexe Designs oder fortschrittliche Technologien herstellt. Ob mit den Händen, Werkzeugen oder Maschinen, Handwerksmeister verbinden Kreativität mit Präzision und hinterlassen oft durch ihre einzigartigen und wertvollen Kreationen einen bleibenden Eindruck.",Resistance (Pick One) or Technical Knock,Master of Crafts,"In addition to the normal use of Fate Points, an Artisan character may spend a Fate point to automatically succeed at a Crafting test, adding a number of Degrees of Success equal to his Intelligence Bonus.",Meister der Handwerkskunst,"Zusätzlich zu den normalen Verwendungen von Schicksalspunkten kann ein Handwerksmeister einen Schicksalspunkt ausgeben, um eine Handwerksprobe automatisch zu bestehen und eine Anzahl von Erfolgsgraden hinzuzufügen, die seinem Intelligenzbonus entspricht."
assassin,Assassin,Assassine,assassin.png,"Agility, Ballistic Skill or Weapon Skill, Fieldcraft, Finesse, Perception","An assassin is a master of stealth, precision, and lethality, trained to eliminate targets with deadly efficiency. Operating from the shadows, they rely on their agility, cunning, and expertise with weapons to complete their missions, often with surgical precision and without leaving a trace.","Ein Assassine ist ein Meister der Heimlichkeit, Präzision und Tödlichkeit, ausgebildet, um Ziele mit tödlicher Effizienz auszuschalten. Sie agieren aus den Schatten, nutzen ihre Beweglichkeit, Gerissenheit und Waffenkunst, um ihre Missionen mit chirurgischer Präzision und ohne Spuren zu hinterlassen, auszuführen.",Jaded or Leap Up,Sure Kill,"In addition to the normal uses of Fate points, when an Assassin successfully hits with an attack, he may spend a Fate point to inflict additional damage equal to his degrees of success on the attack roll on the first hit the attack inflicts.",Sicherer Tod,"Zusätzlich zu den normalen Verwendungen von Schicksalspunkten kann ein Assassine, wenn er mit einem Angriff erfolgreich trifft, einen Schicksalspunkt ausgeben, um zusätzlichen Schaden in Höhe seiner Erfolgsgrade beim Angriffswurf auf den ersten Treffer des Angriffs zu verursachen."
brawler,Brawler,Schläger,brawler.png,"Agility, Finesse, Offense, Strength, Toughness or Weapon Skill","A brawler is a rough and tenacious fighter who thrives in close combat, relying on brute strength, raw aggression, and sheer determination. Skilled in unarmed or improvised fighting, they excel in chaotic, hand-to-hand brawls, often using their environment and physical resilience to overcome their opponents.","Ein Schläger ist ein harter und zäher Kämpfer, der im Nahkampf glänzt und sich auf rohe Kraft, unbändige Aggression und schiere Entschlossenheit verlässt. Versiert im unbewaffneten oder improvisierten Kampf, brilliert er in chaotischen Handgemengen und nutzt oft seine Umgebung und körperliche Widerstandskraft, um seine Gegner zu besiegen.",Ambidextrous or Street fighting,Lightning Reflexes,"In addition to the normal uses of Fate Points, a Brawler character may spend a Fate Point to gain one additional Reaction.",Blitzschnelle Reflexe,"Zusätzlich zu den normalen Verwendungen von Schicksalspunkten kann ein Schläger einen Schicksalspunkt ausgeben, um eine zusätzliche Reaktion zu erhalten."
chirurgeon,Chirurgeon,Chirurg,chirurgeon.png,"Fieldcraft, Intelligence, Knowledge, Strength, Toughness","A chirurgeon is a highly skilled medical practitioner specializing in treating wounds, performing surgeries, and saving lives in dire situations. Often found on the battlefield or in grim conditions, they rely on their medical expertise and steady hands to mend the broken and bring the injured back from the brink of death.","Ein Chirurg ist ein hochqualifizierter Mediziner, der sich auf die Behandlung von Wunden, die Durchführung von Operationen und das Retten von Leben in extremen Situationen spezialisiert hat. Oft auf dem Schlachtfeld oder unter düsteren Bedingungen zu finden, verlassen sie sich auf ihr medizinisches Wissen und ihre ruhigen Hände, um Verletzte zu versorgen und sie vor dem Tod zu bewahren.",Resistance (Pick One) or Takedown,Dedicated Healer,"In addition to the normal uses of Fate points when a Chirurgeon character fails a test to provide First Aid, he can spend a Fate point to automatically succeed instead with the degrees of success equal to his Intelligence bonus. ",Engagierter Heiler,"Zusätzlich zu den normalen Verwendungen von Schicksalspunkten kann ein Chirurg, wenn er eine Probe zur Ersten Hilfe nicht besteht, einen Schicksalspunkt ausgeben, um stattdessen automatisch zu bestehen, mit einer Anzahl von Erfolgsgraden, die seinem Intelligenzbonus entspricht."
commander,Commander,Kommandant,commander.png,"Fellowship, Intelligence, Leadership, Social, Weapon Skil","A commander is a skilled leader responsible for directing troops, managing strategies, and making critical decisions in the heat of battle. With a combination of tactical acumen, authority, and the ability to inspire their forces, commanders play a pivotal role in ensuring victory and maintaining discipline on the battlefield.","Ein Kommandant ist ein erfahrener Anführer, der für die Führung von Truppen, die Ausarbeitung von Strategien und die Entscheidungsfindung in der Hitze des Gefechts verantwortlich ist. Mit einer Kombination aus taktischem Geschick, Autorität und der Fähigkeit, seine Kräfte zu inspirieren, spielt der Kommandant eine entscheidende Rolle bei der Sicherung des Sieges und der Aufrechterhaltung der Disziplin auf dem Schlachtfeld.",Combat Formation or Heroic Inspiration,Follow my Lead!,"When using a Fate Point to grant a bonus to a roll, a Commander character may instead grant the bonus to another character, who gains +20 to the roll instead of +10.",Folgt meinem Beispiel!,"Wenn ein Kommandant einen Schicksalspunkt verwendet, um einen Bonus auf einen Wurf zu gewähren, kann er stattdessen den Bonus einem anderen Charakter gewähren, der +20 auf den Wurf anstelle von +10 erhält."
crusader,Crusader,Kreuzritter,crusader.png,"Knowledge, Offence, Strength, Toughness, Willpower","A crusader is a zealous warrior dedicated to a righteous cause, often fighting in the name of the Emperor or a holy mission. Clad in heavy armor and wielding weapons of faith and steel, they are unyielding on the battlefield, serving as both defenders of the faithful and relentless avengers of the Imperium's enemies.","Ein Kreuzritter ist ein eifriger Krieger, der sich einer gerechten Sache verschrieben hat, oft im Namen des Imperators oder einer heiligen Mission kämpfend. Gekleidet in schwere Rüstung und bewaffnet mit Waffen aus Glauben und Stahl, sind sie unnachgiebig auf dem Schlachtfeld und dienen sowohl als Verteidiger der Gläubigen als auch als unerbittliche Rächer der Feinde des Imperiums.",Bodyguard or Deny the Witch,Smite the Unholy,"In addition to the normal uses of Fate points, a Crusader character can also spend a Fate Point to automatically pass a Fear test with a number of degrees of success equal to his Willpower bonus. In addition, whenever he inflicts a hit with a melee attack against a target with the Fear (X) trait, he inflicts X additional damage and counts his weapon’s penetration as being X higher.",Zerschmettere das Unheilige,"Zusätzlich zu den normalen Verwendungen von Schicksalspunkten kann ein Kreuzritter-Charakter einen Schicksalspunkt ausgeben, um automatisch eine Furchtprobe zu bestehen, mit einer Anzahl von Erfolgsgraden, die seinem Willenskraftbonus entspricht. Darüber hinaus fügt er, wenn er mit einem Nahkampfangriff einen Treffer gegen ein Ziel mit der Eigenschaft Furcht (X) erzielt, X zusätzlichen Schaden zu und zählt die Durchschlagskraft seiner Waffe als um X höher."
desperado,Desperado,Desperado,desperado.png,"Agility, Ballistic Skill, Defence, Fellowship, Finesse","A desperado is a daring and resourceful individual who lives by their own rules, often on the fringes of society. Quick with a gun and quicker with their wits, they thrive in lawless environments, relying on their charisma and combat skills to navigate a dangerous and unpredictable world.","Ein Desperado ist eine wagemutige und einfallsreiche Person, die nach ihren eigenen Regeln lebt und sich oft am Rande der Gesellschaft bewegt. Schnell mit der Waffe und noch schneller im Denken, gedeihen sie in gesetzlosen Umgebungen und verlassen sich auf ihren Charme und ihre Kampffähigkeiten, um in einer gefährlichen und unberechenbaren Welt zu überleben.",Catfall or Quick Draw,Move and Shoot,"Once per round, after performing a Move action, a Desperado character may perform a single Standard Attack with a Pistol weapon he is currently wielding as a Free Action.",Bewegen und Schießen,"Einmal pro Runde kann ein Desperado-Charakter nach der Durchführung einer Bewegungsaktion einen einzelnen Standardangriff mit einer Pistolenwaffe, die er gerade führt, als freie Aktion ausführen."
emissary,Emissary,Gesandter,emmisarry.png,"Fellowship, Fieldcraft, Perception, Social, Willpower","An emissary is a diplomat and envoy, skilled in negotiation, persuasion, and fostering alliances. Tasked with representing their faction, house, or organization, they navigate complex social and political landscapes to build relationships, broker deals, and further their agenda with tact and eloquence.","Ein Gesandter ist ein Diplomat und Abgesandter, der in Verhandlungen, Überzeugungskunst und dem Aufbau von Allianzen bewandert ist. Mit der Aufgabe betraut, ihre Fraktion, ihr Haus oder ihre Organisation zu repräsentieren, navigieren sie durch komplexe soziale und politische Landschaften, um Beziehungen aufzubauen, Vereinbarungen zu treffen und ihre Ziele mit Taktgefühl und Eloquenz voranzutreiben.",Contact Network or Keen Intuition,Master Ambassador,"In addition to the normal uses of Fate points, when a Emissary is dealing with Non-Imperial, he can spend a Fate point to automatically succeed a Opposed Interaction Test with the degrees of success equal to his Fellowship Bonus.",Meisterbotschafter,"Zusätzlich zu den normalen Verwendungen von Schicksalspunkten kann ein Gesandter, wenn er mit Nicht-Imperialen zu tun hat, einen Schicksalspunkt ausgeben, um automatisch eine entgegengesetzte Interaktionsprobe mit einer Anzahl von Erfolgsgraden zu bestehen, die seinem Einflussbonus entspricht."
enforcer,Enforcer,Vollstrecker,enforcer.png,"Strength, Toughness, Weapon Skill, Ballistic Skill, Offense","An enforcer is a lawkeeper and executor of authority, tasked with maintaining order and suppressing dissent. Operating in the dangerous and chaotic environments of the Imperium, they rely on intimidation, combat skills, and a strong sense of duty to impose the Emperor's justice and uphold societal stability.","Ein Vollstrecker ist ein Gesetzeshüter und Ausführer von Autorität, dessen Aufgabe es ist, Ordnung aufrechtzuerhalten und Aufstände zu unterdrücken. In den gefährlichen und chaotischen Umgebungen des Imperiums agierend, verlassen sie sich auf Einschüchterung, Kampffähigkeiten und einen starken Sinn für Pflicht, um die Gerechtigkeit des Imperators durchzusetzen und die Stabilität der Gesellschaft zu wahren.",Quick Draw or Disarm,De-escalation Expert,"In addition to the normal uses of Fate Points, an Enforcer character may spend a Fate Point to automatically pass a Disarm, Double Team or Takedown action, with a number of degrees of success equal to his Weapon Skill Bonus.",Experte für Deeskalation,"Zusätzlich zu den normalen Verwendungen von Schicksalspunkten kann ein Vollstrecker einen Schicksalspunkt ausgeben, um eine Entwaffnen-, Doppelschlag- oder Niederschlagsaktion automatisch zu bestehen, mit einer Anzahl von Erfolgsgraden, die seinem Waffenfertigkeitsbonus entspricht."
engineer,Engineer,Ingenieur,engineer.png,"Tech, Strength, Toughness, Intelligence, Perception","An engineer is a highly skilled individual responsible for designing, building, and maintaining complex systems, machinery, and structures. They play a vital role in the Imperium, ensuring that its vast array of technologies, vehicles, and infrastructures function properly, often combining technical expertise with creativity and problem-solving skills.","Ein Ingenieur ist eine hochqualifizierte Person, die für die Planung, den Bau und die Wartung komplexer Systeme, Maschinen und Strukturen verantwortlich ist. Sie spielen eine entscheidende Rolle im Imperium, indem sie sicherstellen, dass die Vielzahl an Technologien, Fahrzeugen und Infrastrukturen ordnungsgemäß funktioniert, und kombinieren dabei technisches Wissen mit Kreativität und Problemlösungskompetenz.",Resistance (Any One) or Weapon Tech,Rites of Rewiring,"In addition to the normal use of Fate Points, an Engineer character may spend a Fate Point to automatically pass a Repair test with a number of Degrees of Success equal to his Intelligence Bonus.",Riten der Neuverdrahtung,"Zusätzlich zu den normalen Verwendungen von Schicksalspunkten kann ein Ingenieur einen Schicksalspunkt ausgeben, um eine Reparaturprobe automatisch zu bestehen, mit einer Anzahl von Erfolgsgraden, die seinem Intelligenzbonus entspricht."
explorator,Explorator,Explorator,explorator.png,"Tech, Intelligence, Perception, Ballistic Skill, Finesse","An explorator is a member of the Adeptus Mechanicus tasked with venturing into the unknown to uncover lost technologies, forgotten knowledge, and resources for the Imperium. Equipped with advanced tools, cybernetics, and a zealous devotion to the Machine God, they lead expeditions into uncharted territories, alien ruins, or ancient battlefields to recover treasures of the past.","Ein Explorator ist ein Mitglied des Adeptus Mechanicus, dessen Aufgabe es ist, in das Unbekannte vorzustoßen, um verlorene Technologien, vergessenes Wissen und Ressourcen für das Imperium zu entdecken. Ausgestattet mit fortschrittlichen Werkzeugen, Kybernetiken und einem glühenden Glauben an den Maschinengott führen sie Expeditionen in unerforschte Gebiete, fremde Ruinen oder alte Schlachtfelder, um die Schätze der Vergangenheit zu bergen.",Technical Knock or Keen Intuition,The Quest for Knowledge,"In addition to the normal uses of Fate Points, an Explorator character may spend a Fate Point to automatically pass an Investigative Skill during the pursuit of an Explication. If degrees of success are required, the success is counted as having rolled a 01.",Die Suche nach Wissen,"Zusätzlich zu den normalen Verwendungen von Schicksalspunkten kann ein Explorator einen Schicksalspunkt ausgeben, um automatisch eine Ermittlungsskill-Probe während der Verfolgung einer Erklärung zu bestehen. Wenn Erfolgsgrade erforderlich sind, wird der Erfolg so gewertet, als hätte er eine 01 gewürfelt."
fanatic,Fanatic,Fanatiker,fanatic.png,"Leadership, Offense, Toughness, Weapon Skill, Willpower","A fanatic is an individual driven by unwavering devotion to a cause, belief, or figure, often to the point of obsession. Their zeal makes them fearless and unrelenting, willing to sacrifice everything in the name of their faith or mission, making them both inspiring and dangerous to those around them.","Ein Fanatiker ist eine Person, die von unerschütterlicher Hingabe an eine Sache, einen Glauben oder eine Figur getrieben wird, oft bis zur Besessenheit. Ihr Eifer macht sie furchtlos und unnachgiebig, bereit, alles im Namen ihres Glaubens oder ihrer Mission zu opfern, was sie sowohl inspirierend als auch gefährlich für ihre Umgebung macht.",Deny the Witch or Jaded,Death to All Who Oppose Me!,"In addition to the normal uses of Fate points a Fanatic character may spend a Fate point to count as having the Hatred talent against his current foe for the duration of the encounter. Should he choose to leave combat against a Hated foe in that encounter, however, he gains 1 Insanity point.","Tod allen, die sich mir widersetzen!","Zusätzlich zu den normalen Verwendungen von Schicksalspunkten kann ein Fanatiker-Charakter einen Schicksalspunkt ausgeben, um für die Dauer des Konflikts als im Besitz des Talents Hass gegen seinen aktuellen Feind zu gelten. Sollte er sich jedoch entscheiden, den Kampf gegen einen gehassten Feind in diesem Konflikt zu verlassen, erhält er 1 Wahnsinnspunkt."
grunt,Grunt,Fußsoldat,grunt.png,"Toughness, Defense, Fieldcraft, Strength, Willpowe","A grunt is a basic infantry soldier, often tasked with the toughest and most dangerous jobs on the frontlines. Lacking specialization but equipped with resilience and determination, they serve as the backbone of any military force, enduring harsh conditions and following orders without question.","Ein Fußsoldat ist ein einfacher Infanteriesoldat, der oft mit den härtesten und gefährlichsten Aufgaben an der Front betraut wird. Ohne Spezialisierung, aber mit Widerstandskraft und Entschlossenheit, bilden sie das Rückgrat jeder militärischen Einheit, trotzen widrigen Bedingungen und führen Befehle ohne Zögern aus.",Sound Constitution or Jaded,Resilient to Harm,"A grunt character reduces all sources of damage by -1 for every ten wounds he possesses. In addition to the normal use of Fate Points, a Grunt character may spend a Fate Point to reduce the damage from a single source of damage by half.",Widerstandsfähig gegen Schaden,"Ein Fußsoldat reduziert alle Schadensquellen um -1 für jeweils zehn Lebenspunkte, die er besitzt. Zusätzlich zu den normalen Verwendungen von Schicksalspunkten kann ein Fußsoldat einen Schicksalspunkt ausgeben, um den Schaden aus einer einzigen Schadensquelle um die Hälfte zu reduzieren."
hierophant,Hierophant,Hierophant,hierophant.png,"Fellowship, Offence, Social, Toughness, Willpower","A hierophant is a charismatic and devout figure who acts as a preacher and guide, spreading the faith and teachings of the Emperor or their chosen creed. They inspire others through their words and deeds, rallying the faithful to action and serving as a living embodiment of their beliefs.","Ein Hierophant ist eine charismatische und gläubige Persönlichkeit, die als Prediger und Führer auftritt und den Glauben und die Lehren des Imperators oder ihres gewählten Credos verbreitet. Durch Worte und Taten inspirieren sie andere, mobilisieren die Gläubigen zum Handeln und dienen als lebendige Verkörperung ihrer Überzeugungen.",Double Team or Hatred (Pick One),Sway the Masses,"In addition to the normal uses of Fate points, a Hierophant character may spend a Fate point to automatically succeed at a Charm, Command, or Intimidate skill test with a number of degrees of success equal to his Willpower bonus.",Die Massen beeinflussen,"Zusätzlich zu den normalen Verwendungen von Schicksalspunkten kann ein Hierophant-Charakter einen Schicksalspunkt ausgeben, um automatisch eine Fertigkeitsprobe in Überreden, Befehlen oder Einschüchtern mit einer Anzahl von Erfolgsgraden zu bestehen, die seinem Willenskraftbonus entspricht."
infiltrator,Infiltrator,Infiltrator,infiltrator.png,"Fellowship, Intelligence, Tech, Fieldcraft, Perception","An infiltrator is a stealthy and cunning individual trained to penetrate enemy lines, gain access to secure areas, or gather critical intelligence. Using deception, disguise, and precision, they excel at operating undetected, completing their objectives without drawing attention.","Ein Infiltrator ist eine heimliche und gerissene Person, die darin ausgebildet ist, feindliche Linien zu durchdringen, sich Zugang zu gesicherten Bereichen zu verschaffen oder wichtige Informationen zu sammeln. Mit Täuschung, Tarnung und Präzision agieren sie unauffällig und erfüllen ihre Aufgaben, ohne Aufmerksamkeit zu erregen.",Sprint or Weapon-Tech,A Thousand Faces,"In addition to the normal use of Fate Points, an Infiltrator may spend a Fate Point to perfectly imitate the appearance, speech, and mannerisms of any one person. The effects of this last for ten minutes in narrative time.",Tausend Gesichter,"Zusätzlich zu den normalen Verwendungen von Schicksalspunkten kann ein Infiltrator einen Schicksalspunkt ausgeben, um das Aussehen, die Sprache und die Manierismen einer beliebigen Person perfekt zu imitieren. Dieser Effekt hält in erzählerischer Zeit zehn Minuten an."
investigator,Investigator,Ermittler,investigator.png,"Fellowship, Perception, Intelligence, Fieldcraft, Tech or Social","An investigator is a keen and methodical individual trained to uncover hidden truths, solve mysteries, and piece together evidence. Skilled in observation, interrogation, and research, they navigate complex scenarios to expose secrets, track down culprits, and unravel conspiracies.","Ein Ermittler ist eine scharfsinnige und methodische Person, die darauf spezialisiert ist, verborgene Wahrheiten aufzudecken, Rätsel zu lösen und Beweise zusammenzutragen. Versiert in Beobachtung, Verhör und Recherche, navigieren sie durch komplexe Szenarien, um Geheimnisse zu enthüllen, Täter aufzuspüren und Verschwörungen aufzudecken.",Resistance (Fear) or Clues from the Crowd,Accustomed to Deception,"In addition to the normal uses of Fate Points, an Investigator character may spend a Fate Point to automatically succeed at a Scrutiny or Deceive skill test with a number of degrees of success equal to his Intelligence bonus.",Gewohnt an Täuschung,"Zusätzlich zu den normalen Verwendungen von Schicksalspunkten kann ein Ermittler einen Schicksalspunkt ausgeben, um automatisch eine Fertigkeitsprobe in Beobachten oder Täuschen mit einer Anzahl von Erfolgsgraden zu bestehen, die seinem Intelligenzbonus entspricht."
juve,Juve,Jungspund,juve.png,"Strength, Toughness, Weapon Skill or Ballistic Skill, Agility, Fieldcraft","A juve is a young and inexperienced individual, often seen in gang culture or lower hive societies, learning the ropes and fighting to prove themselves. While lacking in skill and experience, juves are eager, ambitious, and determined to rise in the ranks, often serving as runners, lookouts, or apprentices to more seasoned members.","Ein Jungspund ist eine junge und unerfahrene Person, oft in Gangkulturen oder den unteren Gesellschaftsschichten der Makropolen anzutreffen, die versucht, sich zu beweisen und ihre Fähigkeiten zu entwickeln. Obwohl es an Fertigkeiten und Erfahrung mangelt, sind Jungspunde ehrgeizig, eifrig und entschlossen, in den Rängen aufzusteigen, oft als Läufer, Wachposten oder Lehrlinge erfahrener Mitglieder.",Catfall or Leap Up,Quick to learn,"In addition to the normal use of Fate Points, a Juve character may spend a Fate Point to treat a single skill as Rank 1 (Known) for the duration of an encounter. In narrative time, this lasts for 10 minutes.",Schnell lernfähig,"Zusätzlich zu den normalen Verwendungen von Schicksalspunkten kann ein Jungspund einen Schicksalspunkt ausgeben, um eine einzelne Fertigkeit für die Dauer eines Konflikts als Rang 1 (Bekannt) zu behandeln. In erzählerischer Zeit hält dies 10 Minuten an."
marksman,Marksman,Scharfschütze,marksman.png,"Ballistic Skill, Fieldcraft, Agility, Finesse, Intelligence","A marksman is a highly trained and precise shooter, specializing in long-range combat and pinpoint accuracy. Whether wielding sniper rifles, lasguns, or other ranged weaponry, they excel at eliminating high-value targets and providing cover for their allies with deadly efficiency.","Ein Scharfschütze ist ein hochqualifizierter und präziser Schütze, spezialisiert auf den Fernkampf und punktgenaue Treffer. Ob mit Scharfschützengewehren, Lasergewehren oder anderen Fernkampfwaffen, sie brillieren darin, hochrangige Ziele auszuschalten und ihren Verbündeten mit tödlicher Effizienz Deckung zu geben.",Quick Draw or Rapid Reload,Weapon Specialist,"In addition to the normal uses of Fate Points, a marksman character may spend a Fate Point to reduce the effective range a target is considered by one level, making a target at Long Range treated as Normal Range, etc.",Waffenspezialist,"Zusätzlich zu den normalen Verwendungen von Schicksalspunkten kann ein Scharfschütze einen Schicksalspunkt ausgeben, um die effektive Reichweite eines Ziels um eine Stufe zu reduzieren, sodass ein Ziel auf großer Distanz als normale Distanz behandelt wird usw."
mystic,Mystic,Mystiker,mystic.png,"Defence, Intelligence, Knowledge, Perception, Willpower","A mystic is an individual attuned to the unseen forces of the universe, often wielding psychic abilities or deeply understanding esoteric knowledge. Guided by visions, intuition, or communion with the Warp, they are enigmatic figures whose powers can inspire awe or fear, depending on their intent and control over the forces they channel.","Ein Mystiker ist eine Person, die auf die verborgenen Kräfte des Universums eingestimmt ist und oft über psionische Fähigkeiten verfügt oder ein tiefes Verständnis für esoterisches Wissen besitzt. Geleitet von Visionen, Intuition oder der Verbindung mit dem Warp, sind sie rätselhafte Gestalten, deren Kräfte Ehrfurcht oder Furcht wecken können, je nach ihrer Absicht und Kontrolle über die Kräfte, die sie kanalisieren.",Resistance (Psychic Powers) or Warp Sense,ToDo,ToDo,ToDo,ToDo
operative,Operative,Operative,operative.png,"Intelligence, Tech, Fieldcraft, Perception, Agility","An operative is a versatile and highly trained individual tasked with carrying out covert missions, intelligence gathering, or specialized operations. They excel in adaptability, stealth, and efficiency, making them invaluable for assignments that require precision and discretion in hostile or complex environments.","Ein Operative ist eine vielseitige und hochqualifizierte Person, die mit der Durchführung verdeckter Missionen, der Beschaffung von Informationen oder spezialisierten Einsätzen betraut ist. Sie zeichnen sich durch Anpassungsfähigkeit, Heimlichkeit und Effizienz aus und sind daher unverzichtbar für Aufträge, die Präzision und Diskretion in feindlichen oder komplexen Umgebungen erfordern.",Technical Knock or Weapon-Tech,In the Knick of time,"Once per encounter, an Operative character gains 1 additional Half Action in addition to their normal actions for a single Round. In addition to the normal use of Fate Points, an Operative may spend a Fate Point to gain an additional Half Action in the same turn.",Im letzten Moment,"Einmal pro Begegnung erhält ein Operative-Charakter eine zusätzliche Halbe Aktion zusätzlich zu seinen normalen Aktionen für eine einzige Runde. Zusätzlich zu den normalen Verwendungen von Schicksalspunkten kann ein Operative einen Schicksalspunkt ausgeben, um in derselben Runde eine weitere Halbe Aktion zu erhalten."
penitent,Penitent,Büßer,penitent.png,"Agility, Fieldcraft, Intelligence, Offense, Toughness","A penitent is an individual seeking redemption for their perceived sins or failures, often through acts of extreme devotion, suffering, or sacrifice. They carry the weight of guilt and strive to prove their loyalty and worthiness to the Emperor or their faith, sometimes enduring brutal trials or taking on suicidal missions in their pursuit of absolution.","Ein Büßer ist eine Person, die Vergebung für ihre vermeintlichen Sünden oder Versagen sucht, oft durch extreme Hingabe, Leiden oder Opferbereitschaft. Sie tragen die Last der Schuld und bemühen sich, ihre Loyalität und Würdigkeit gegenüber dem Imperator oder ihrem Glauben zu beweisen, indem sie manchmal brutale Prüfungen erdulden oder selbstmörderische Missionen übernehmen, um Erlösung zu finden.",Die Hard or Flagellant,Cleansing Pain,"Whenever a Penitent character suffers 1 or more points of damage (after reductions for Toughness bonus and Armor), he gains a +10 bonus to the first test he makes before the end of his next turn.",Reinigender Schmerz,"Immer wenn ein Büßer-Charakter 1 oder mehr Schadenspunkte erleidet (nach Abzug von Zähigkeitsbonus und Rüstung), erhält er einen Bonus von +10 auf die erste Probe, die er vor dem Ende seines nächsten Zuges ablegt."
politico,Politico,Politiker,Politico.png,"Fellowship, Finesse, Willpower, Social, Intelligence","A politico is a skilled manipulator and strategist, deeply entrenched in the art of politics and intrigue. Whether influencing decisions, forming alliances, or scheming in the shadows, they wield words and influence as weapons, shaping the course of events to serve their ambitions or the greater goals of their faction.","Ein Politiker ist ein geschickter Manipulator und Stratege, der die Kunst der Politik und Intrigen meisterlich beherrscht. Ob sie Entscheidungen beeinflussen, Allianzen schmieden oder im Schatten Pläne schmieden, sie setzen Worte und Einfluss als Waffen ein, um den Verlauf der Ereignisse zu ihren Gunsten oder im Interesse ihrer Fraktion zu gestalten.",Archivator or Lexographer,Scandalous Socialite,"In addition to the normal uses of Fate Points, a Politico character may spend a Fate point to upgrade or downgrade the Disposition of his target by 2 ranks. This effect lasts for one Skill Test made by the target.",Skandalöser Gesellschaftsmensch,"Zusätzlich zu den normalen Verwendungen von Schicksalspunkten kann ein Politico-Charakter einen Schicksalspunkt ausgeben, um die Haltung seines Ziels um 2 Stufen zu verbessern oder zu verschlechtern. Dieser Effekt hält für eine Fertigkeitsprobe des Ziels an."
reclaimator,Reclaimator,Restaurator,reclaimator.png,"Tech, Knowledge, Fellowship or Agility, Fieldcraft, Social","A reclaimator is a scavenger and technician specializing in salvaging, repairing, and repurposing lost or discarded technology. Often found on industrial worlds or within hive cities, reclaimators sift through ruins and wreckage to recover valuable resources, breathing new life into the discarded remnants of the Imperium's vast infrastructure.","Ein Restaurator ist ein Plünderer und Techniker, der sich auf die Bergung, Reparatur und Wiederverwendung von verlorener oder weggeworfener Technologie spezialisiert hat. Oft auf Industrieplaneten oder in Makropolen anzutreffen, durchsuchen Restauratoren Ruinen und Trümmer, um wertvolle Ressourcen wiederzugewinnen und den Überresten der gewaltigen Infrastruktur des Imperiums neues Leben einzuhauchen.",Technical Knock or Rapid Reload,Mechanical Expertise,"In addition to the normal uses of Fate Points, a Reclaimator character may spend a Fate point to automatically succeed at a Security, Tech-Use, or Trade (Technomat) skill test with a number of degrees of success equal to his Intelligence bonus.",Mechanisches Fachwissen,"Zusätzlich zu den normalen Verwendungen von Schicksalspunkten kann ein Restaurator einen Schicksalspunkt ausgeben, um automatisch eine Fertigkeitsprobe in Sicherheit, Technisches Wissen oder Handwerk (Technomat) mit einer Anzahl von Erfolgsgraden zu bestehen, die seinem Intelligenzbonus entspricht."
sage,Sage,Weiser,sage.png,"Intelligence, Knowledge, Perception, Tech, Willpower","A sage is a scholar and keeper of knowledge, deeply versed in history, science, and esoteric lore. They dedicate their lives to studying, preserving, and interpreting information, often serving as advisors or researchers. Their expertise makes them invaluable in unraveling mysteries, solving problems, and providing wisdom to those who seek it.","Ein Weiser ist ein Gelehrter und Bewahrer von Wissen, tief vertraut mit Geschichte, Wissenschaft und esoterischen Lehren. Sie widmen ihr Leben dem Studium, der Bewahrung und der Interpretation von Informationen und dienen oft als Berater oder Forscher. Ihre Expertise macht sie unverzichtbar beim Entschlüsseln von Geheimnissen, Lösen von Problemen und Bereitstellen von Weisheit für diejenigen, die sie suchen.",Ambidextrous or Clues from the Crowds,Quest for Knowledge,"In addition to the normal uses of Fate points, a Sage character may spend a Fate point to automatically succeed at a Logic or any Lore skill test with a number of degrees of success equal to his Intelligence bonus.",Streben nach Wissen,"Zusätzlich zu den normalen Verwendungen von Schicksalspunkten kann ein Weiser-Charakter einen Schicksalspunkt ausgeben, um automatisch eine Fertigkeitsprobe in Logik oder einer beliebigen Wissensfertigkeit mit einer Anzahl von Erfolgsgraden zu bestehen, die seinem Intelligenzbonus entspricht."
scavenger,Scavenger,Plünderer,scavenger.png,"Strength, Toughness, Weapon Skill, Ballistic Skill, Fieldcraf","A scavenger is a resourceful individual who survives by salvaging discarded materials, remnants of war, or abandoned technology. Skilled at finding value in what others deem useless, they thrive in desolate environments, using ingenuity and determination to turn scraps into tools or trade goods.","Ein Plünderer ist eine einfallsreiche Person, die durch das Bergen von weggeworfenen Materialien, Kriegsüberresten oder verlassener Technologie überlebt. Geschickt darin, in Dingen, die andere für wertlos halten, Nutzen zu finden, gedeiht er in trostlosen Umgebungen und nutzt Einfallsreichtum und Entschlossenheit, um Schrott in Werkzeuge oder Handelswaren zu verwandeln.",Die Hard or Jaded,Evasive,"Once per round, after performing a ranged Standard Attack, a Scavenger character may perform a single Dive for Cover action as a Free Action.",Ausweichend,"Einmal pro Runde kann ein Plünderer nach der Durchführung eines Standardangriffs mit einer Fernkampfwaffe eine einzelne Aktion ""In Deckung werfen"" als freie Aktion ausführen."
scholariate,Scholariate,Scholariat,scholariate.png,"Knowledge, Intelligence, Social, Fellowship, Perception","The scholariate refers to a group or individual dedicated to academic or intellectual pursuits, often associated with the study of history, philosophy, and esoteric knowledge. They are the keepers of knowledge and lore, tasked with preserving, analyzing, and expanding humanity’s understanding of the universe and its past.","Das Scholariat bezeichnet eine Gruppe oder Einzelperson, die sich akademischen oder intellektuellen Tätigkeiten widmet, oft verbunden mit dem Studium von Geschichte, Philosophie und esoterischem Wissen. Sie sind die Hüter des Wissens und der Überlieferung und haben die Aufgabe, das Verständnis der Menschheit für das Universum und seine Vergangenheit zu bewahren, zu analysieren und zu erweitern.",Clues from the Crowds or Jaded,Unfazeable,"In addition to the normal uses of Fate Points, a Scholariate character may spend a Fate Point to negate Insanity Points or Corruption Points from profane sources or lore.",Unerschütterlich,"Zusätzlich zu den normalen Verwendungen von Schicksalspunkten kann ein Scholariat-Charakter einen Schicksalspunkt ausgeben, um Wahnsinnspunkte oder Verderbnispunkte aus unheiligen Quellen oder Wissen zu negieren."
scout,Scout,Späher,scout.png,"Fieldcraft, Finesse, Intelligence, Ballistic Skill, Perception","A scout is a highly mobile and observant individual skilled in reconnaissance, tracking, and navigating difficult terrain. Operating ahead of the main force, they gather intelligence, identify threats, and find optimal paths for movement, often relying on stealth and survival skills to accomplish their mission.","Ein Späher ist eine hochbewegliche und aufmerksame Person, die sich auf Aufklärung, Verfolgung und die Navigation durch schwieriges Gelände spezialisiert hat. Sie operieren vor der Hauptstreitmacht, sammeln Informationen, identifizieren Bedrohungen und finden optimale Wege für die Bewegung, wobei sie sich oft auf Heimlichkeit und Überlebensfähigkeiten verlassen, um ihre Mission zu erfüllen",Nowhere to Hide or Leap Up,Pathfinder,"In addition to the normal use of Fate Points, a Scout character may spend a Fate Point to automatically pass a Survival or Stealth test with a number of degrees of success equal to his Agility Bonus.",Pfadfinder,"Zusätzlich zu den normalen Verwendungen von Schicksalspunkten kann ein Späher einen Schicksalspunkt ausgeben, um automatisch eine Fertigkeitsprobe in Überleben oder Schleichen zu bestehen, mit einer Anzahl von Erfolgsgraden, die seinem Beweglichkeitsbonus entspricht."
secutor,Secutor,Secutor,secutor.png,"Toughness, Ballistic Skill, Weapon Skill, Fieldcraft or Finesse, Perception","A secutor is a warrior-priest of the Adeptus Mechanicus, trained in both martial and technological disciplines. Tasked with leading military campaigns or defending Mechanicus interests, they are highly skilled in the art of war and often equipped with advanced weaponry and cybernetic augmentations.","Ein Secutor ist ein Kriegerpriester des Adeptus Mechanicus, ausgebildet sowohl in kriegerischen als auch technologischen Disziplinen. Mit der Aufgabe betraut, militärische Kampagnen zu führen oder die Interessen des Mechanicus zu verteidigen, sind sie hochqualifiziert in der Kriegsführung und oft mit fortschrittlicher Bewaffnung und kybernetischen Verbesserungen ausgestattet.",Ambidextrous or Jaded,Devastating Precision,"In addition to the normal uses of Fate Points, when a Secutor successfully hits with an attack, he may spend a Fate Point to decrease an opponent's Toughness Bonus equal to his degrees of Success on the attack roll on the first hit the attack inflicts.",Verheerende Präzision,"Zusätzlich zu den normalen Verwendungen von Schicksalspunkten kann ein Secutor, wenn er mit einem Angriff erfolgreich trifft, einen Schicksalspunkt ausgeben, um den Zähigkeitsbonus seines Gegners um eine Anzahl zu verringern, die seinen Erfolgsgraden beim Angriffswurf entspricht, und zwar nur für den ersten Treffer des Angriffs."
seeker,Seeker,Suchender,seeker.png,"Fellowship, Intelligence, Perception, Social, Tech","A seeker is an individual driven by an insatiable thirst for knowledge, truth, or hidden treasures. Whether pursuing ancient artifacts, uncovering lost histories, or solving mysteries, they are relentless in their quest, often willing to venture into danger and face the unknown to achieve their goals.","Ein Suchender ist eine Person, die von einem unstillbaren Durst nach Wissen, Wahrheit oder verborgenen Schätzen angetrieben wird. Ob sie alte Artefakte suchen, verlorene Geschichten aufdecken oder Rätsel lösen, sie sind unermüdlich in ihrer Suche und oft bereit, Gefahren zu trotzen und das Unbekannte zu konfrontieren, um ihre Ziele zu erreichen.",Keen Intuition or Disarm,Nothing Escapes My Sight,"In addition to the normal uses of Fate points, a Seeker character may spend a Fate point to automatically succeed at an Awareness or Inquiry skill test with a number of degrees of success equal to his Perception bonus",Nichts entgeht meinem Blick,"Zusätzlich zu den normalen Verwendungen von Schicksalspunkten kann ein Suchender-Charakter einen Schicksalspunkt ausgeben, um automatisch eine Fertigkeitsprobe in Wahrnehmung oder Nachforschung mit einer Anzahl von Erfolgsgraden zu bestehen, die seinem Wahrnehmungsbonus entspricht."
socialite,Socialite,Gesellschaftsmensch,socialite.png,"Fellowship, Agility, Intelligence, Social, Fieldcraf","A socialite is a charismatic and influential individual, thriving in high society and social gatherings. Skilled in etiquette, conversation, and building networks, they use their charm and connections to navigate political, cultural, or economic landscapes, often advancing their own or their faction's interests.","Ein Gesellschaftsmensch ist eine charismatische und einflussreiche Persönlichkeit, die in der High Society und bei gesellschaftlichen Anlässen glänzt. Versiert in Etikette, Konversation und dem Aufbau von Netzwerken, nutzt er seinen Charme und seine Verbindungen, um politische, kulturelle oder wirtschaftliche Landschaften zu durchqueren und dabei oft die eigenen oder die Interessen seiner Fraktion voranzutreiben.",Clues from the Crowd or Keen Intuition,Charming Blather,"In addition to the normal uses of Fate Points, a Socialite character may spend a Fate Point to automatically pass a Fellowship or Fellowship-based skill test with a number of degrees of success equal to his Fellowship Bonus.",Charmantes Geschwätz,"Zusätzlich zu den normalen Verwendungen von Schicksalspunkten kann ein Gesellschaftsmensch einen Schicksalspunkt ausgeben, um automatisch eine Fertigkeitsprobe in Einfluss oder eine auf Einfluss basierende Fertigkeit mit einer Anzahl von Erfolgsgraden zu bestehen, die seinem Einflussbonus entspricht."
steward,Steward,Verwalter,steward.png,"Social or Knowledge, Fellowship, Perception, Intelligence, Finesse","A steward is a dedicated administrator and caretaker, responsible for managing resources, overseeing operations, and ensuring the smooth functioning of estates, organizations, or voidships. Skilled in logistics, leadership, and diplomacy, they act as the backbone of their domain, balancing the needs of those they serve with the demands of their duty.","Ein Verwalter ist ein engagierter Administrator und Betreuer, verantwortlich für die Verwaltung von Ressourcen, die Überwachung von Abläufen und die Gewährleistung des reibungslosen Betriebs von Gütern, Organisationen oder Raumschiffen. Versiert in Logistik, Führung und Diplomatie, bilden sie das Rückgrat ihres Zuständigkeitsbereichs und balancieren die Bedürfnisse derer, denen sie dienen, mit den Anforderungen ihrer Aufgabe aus.",Ambassador Imperialis or Contact Network,Master of Ceremonies,"In addition to the normal use of Fate Points, a Seneschal character may spend a Fate point to automatically succeed at a Linguistics, Commerce or any Trade skill test with a number of degrees of success equal to his Intelligence Bonus.",Meister der Zeremonien,"Zusätzlich zu den normalen Verwendungen von Schicksalspunkten kann ein Seneschall-Charakter einen Schicksalspunkt ausgeben, um automatisch eine Fertigkeitsprobe in Linguistik, Handel oder einer beliebigen Handwerksfertigkeit mit einer Anzahl von Erfolgsgraden zu bestehen, die seinem Intelligenzbonus entspricht."
trader,Trader,Händler,trader.png," Intelligence, Fellowship, Agility or Ballistic Skill, Social, Fieldcraf","A trader is a shrewd negotiator and entrepreneur skilled in the exchange of goods, resources, and services. Whether operating in bustling marketplaces or traversing the vast expanse of the void, they rely on their charm, knowledge, and business acumen to secure profitable deals and expand their influence.","Ein Händler ist ein gewiefter Verhandlungsführer und Unternehmer, der sich auf den Austausch von Waren, Ressourcen und Dienstleistungen spezialisiert hat. Ob auf belebten Märkten oder in den Weiten des Alls, sie verlassen sich auf ihren Charme, ihr Wissen und ihre Geschäftstüchtigkeit, um profitable Geschäfte abzuschließen und ihren Einfluss zu erweitern.",Hard Bargain or Contact Network,Merchant Magnate,"In addition to the normal uses of Fate points, when a Trader character fails a Commerce, Inquiry or Acquisition test, he can spend a Fate point to automatically succeed with the degrees of success equal to his Fellowship bonus. This can be done only once per session, with the exception of Commerce. However, when making an Acquisition the modified score can’t be 10 or lower.",Handelsmagnat,"Zusätzlich zu den normalen Verwendungen von Schicksalspunkten kann ein Händler-Charakter, wenn er eine Fertigkeitsprobe in Handel, Nachforschung oder Erwerb nicht besteht, einen Schicksalspunkt ausgeben, um automatisch zu bestehen, mit einer Anzahl von Erfolgsgraden, die seinem Einflussbonus entspricht. Dies kann nur einmal pro Sitzung durchgeführt werden, mit Ausnahme von Handel. Bei einem Erwerb darf der modifizierte Wert jedoch nicht 10 oder weniger betragen."
warrior,Warrior,Krieger,warrior.png,"Ballistic Skill, Defense, Offence, Strength, Weapon Skill","A warrior is a trained combatant, skilled in the art of battle and dedicated to fighting for a cause, survival, or conquest. Whether wielding a blade, a gun, or their own fists, warriors rely on discipline, strength, and strategy to overcome their enemies and achieve victory on the battlefield.","Ein Krieger ist ein ausgebildeter Kämpfer, der die Kunst des Kampfes beherrscht und für eine Sache, das Überleben oder die Eroberung kämpft. Ob mit Klinge, Gewehr oder bloßen Fäusten, Krieger verlassen sich auf Disziplin, Stärke und Strategie, um ihre Feinde zu überwinden und auf dem Schlachtfeld zu triumphieren.",Iron Jaw or Rapid Reload,Expert at Violence,"In addition to the normal uses of Fate points, after making a successful attack test, but before determining hits, a Warrior character may spend a Fate point to substitute his Weapon Skill (for melee) or Ballistic Skill (for ranged) bonus for the degrees of success scored on the attack test.",Experte der Gewalt,"Zusätzlich zu den normalen Verwendungen von Schicksalspunkten kann ein Krieger-Charakter nach einer erfolgreichen Angriffsprobe, aber bevor die Treffer bestimmt werden, einen Schicksalspunkt ausgeben, um seinen Waffenfertigkeitsbonus (für Nahkampf) oder Ballistikfertigkeitsbonus (für Fernkampf) anstelle der erzielten Erfolgsgrade der Angriffsprobe zu verwenden."